{
    "2026-06-16": {
        "S&P 500": 0.006398034018782682,
        "Nasdaq": 0.011508299889526256,
        "Gold": 0.008097291752071158
    }
}