{
    "2026-06-22": {
        "S&P 500": {
            "open": 7500.43994140625,
            "high": 7530.009765625,
            "low": 7460.009765625,
            "close": 7472.7900390625,
            "volume": 5976740000.0
        },
        "Nasdaq": {
            "open": 26483.310546875,
            "high": 26561.119140625,
            "low": 26125.48046875,
            "close": 26166.599609375,
            "volume": 12844290000.0
        },
        "Gold": {
            "open": 4138.7998046875,
            "high": 4216.39990234375,
            "low": 4134.7998046875,
            "close": 4181.89990234375,
            "volume": 738.0
        },
        "SCB": {
            "open": 141.5,
            "high": 143.5,
            "low": 141.0,
            "close": 143.5,
            "volume": 35607600.0
        },
        "TQM": {
            "open": 13.699999809265137,
            "high": 13.800000190734863,
            "low": 13.5,
            "close": 13.699999809265137,
            "volume": 192000.0
        },
        "IVV": {
            "open": 751.1599731445312,
            "high": 753.6599731445312,
            "low": 746.5800170898438,
            "close": 747.780029296875,
            "volume": 16413900.0
        },
        "Google": {
            "open": 357.95001220703125,
            "high": 358.9200134277344,
            "low": 341.7200012207031,
            "close": 349.67999267578125,
            "volume": 52644300.0
        },
        "NVDA": {
            "open": 211.44000244140625,
            "high": 213.99000549316406,
            "low": 207.72000122070312,
            "close": 208.64999389648438,
            "volume": 121678700.0
        },
        "AMD": {
            "open": 545.5,
            "high": 562.989990234375,
            "low": 535.7100219726562,
            "close": 551.6300048828125,
            "volume": 25924000.0
        },
        "TSM": {
            "open": 476.0899963378906,
            "high": 476.7900085449219,
            "low": 465.1700134277344,
            "close": 467.6700134277344,
            "volume": 13660700.0
        },
        "SMH": {
            "open": 670.3499755859375,
            "high": 671.8300170898438,
            "low": 660.02001953125,
            "close": 668.9099731445312,
            "volume": 8028100.0
        },
        "MU": {
            "open": 1196.219970703125,
            "high": 1213.56005859375,
            "low": 1168.5699462890625,
            "close": 1211.3800048828125,
            "volume": 52572500.0
        },
        "WDC": {
            "open": 772.75,
            "high": 779.7999877929688,
            "low": 726.5999755859375,
            "close": 732.6199951171875,
            "volume": 13126900.0
        },
        "TSLA": {
            "open": 394.8500061035156,
            "high": 414.75,
            "low": 394.3999938964844,
            "close": 405.04998779296875,
            "volume": 47717300.0
        },
        "RKLB": {
            "open": 106.98999786376953,
            "high": 107.4000015258789,
            "low": 96.5,
            "close": 100.29000091552734,
            "volume": 27658400.0
        }
    },
    "2026-06-23": {
        "S&P 500": {
            "open": 7366.509765625,
            "high": 7424.169921875,
            "low": 7347.60009765625,
            "close": 7365.4599609375,
            "volume": 5640530000.0
        },
        "Nasdaq": {
            "open": 25549.759765625,
            "high": 25882.5703125,
            "low": 25513.259765625,
            "close": 25587.0390625,
            "volume": 14631520000.0
        },
        "Gold": {
            "open": 4127.10009765625,
            "high": 4135.2001953125,
            "low": 4118.5,
            "close": 4129.89990234375,
            "volume": 1197.0
        },
        "SCB": {
            "open": 143.5,
            "high": 144.5,
            "low": 142.0,
            "close": 143.0,
            "volume": 18563000.0
        },
        "TQM": {
            "open": 13.800000190734863,
            "high": 13.800000190734863,
            "low": 13.5,
            "close": 13.600000381469727,
            "volume": 322800.0
        },
        "IVV": {
            "open": 737.1500244140625,
            "high": 743.02001953125,
            "low": 735.75,
            "close": 737.1400146484375,
            "volume": 15532400.0
        },
        "Google": {
            "open": 340.69000244140625,
            "high": 349.2900085449219,
            "low": 340.20001220703125,
            "close": 346.1300048828125,
            "volume": 33864200.0
        },
        "NVDA": {
            "open": 202.1699981689453,
            "high": 203.77000427246094,
            "low": 200.0,
            "close": 200.0399932861328,
            "volume": 152828800.0
        },
        "AMD": {
            "open": 509.0799865722656,
            "high": 528.489990234375,
            "low": 506.80999755859375,
            "close": 519.8499755859375,
            "volume": 30070100.0
        },
        "TSM": {
            "open": 439.17999267578125,
            "high": 447.3299865722656,
            "low": 434.19000244140625,
            "close": 436.3900146484375,
            "volume": 20321900.0
        },
        "SMH": {
            "open": 625.9299926757812,
            "high": 636.8800048828125,
            "low": 617.27001953125,
            "close": 622.0499877929688,
            "volume": 19090800.0
        },
        "MU": {
            "open": 1080.0,
            "high": 1125.0,
            "low": 1038.5,
            "close": 1051.77001953125,
            "volume": 59104200.0
        },
        "WDC": {
            "open": 665.2100219726562,
            "high": 682.530029296875,
            "low": 653.0,
            "close": 670.75,
            "volume": 12638100.0
        },
        "TSLA": {
            "open": 392.6099853515625,
            "high": 392.8699951171875,
            "low": 379.05999755859375,
            "close": 381.6099853515625,
            "volume": 50261700.0
        },
        "RKLB": {
            "open": 96.0199966430664,
            "high": 101.7300033569336,
            "low": 94.88500213623047,
            "close": 95.12000274658203,
            "volume": 22218300.0
        }
    },
    "2026-06-24": {
        "S&P 500": {
            "open": 7370.8798828125,
            "high": 7428.06005859375,
            "low": 7336.81982421875,
            "close": 7358.22021484375,
            "volume": 5994860000.0
        },
        "Nasdaq": {
            "open": 25578.619140625,
            "high": 25840.560546875,
            "low": 25354.66015625,
            "close": 25476.640625,
            "volume": 14936190000.0
        },
        "Gold": {
            "open": 4104.39990234375,
            "high": 4104.7001953125,
            "low": 3963.300048828125,
            "close": 3990.300048828125,
            "volume": 252.0
        },
        "SCB": {
            "open": 143.0,
            "high": 144.0,
            "low": 142.0,
            "close": 143.0,
            "volume": 14160700.0
        },
        "TQM": {
            "open": 13.600000381469727,
            "high": 14.199999809265137,
            "low": 13.600000381469727,
            "close": 14.0,
            "volume": 1334200.0
        },
        "IVV": {
            "open": 738.5599975585938,
            "high": 743.4000244140625,
            "low": 734.260009765625,
            "close": 736.6599731445312,
            "volume": 8993400.0
        },
        "Google": {
            "open": 349.0400085449219,
            "high": 353.4800109863281,
            "low": 341.92999267578125,
            "close": 345.2900085449219,
            "volume": 44821900.0
        },
        "NVDA": {
            "open": 200.1199951171875,
            "high": 201.6699981689453,
            "low": 196.5800018310547,
            "close": 199.0,
            "volume": 150824300.0
        },