{
    "2026-06-22": {
        "S&P 500": {
            "open": 7500.43994140625,
            "high": 7530.009765625,
            "low": 7460.009765625,
            "close": 7472.7900390625,
            "volume": 5976740000.0
        },
        "Nasdaq": {
            "open": 26483.310546875,
            "high": 26561.119140625,
            "low": 26125.48046875,
            "close": 26166.599609375,
            "volume": 12844290000.0
        },
        "Gold": {
            "open": 4138.7998046875,
            "high": 4216.39990234375,
            "low": 4134.7998046875,
            "close": 4181.89990234375,
            "volume": 738.0
        },
        "SCB": {
            "open": 141.5,
            "high": 143.5,
            "low": 141.0,
            "close": 143.5,
            "volume": 35607600.0
        },
        "TQM": {
            "open": 13.699999809265137,
            "high": 13.800000190734863,
            "low": 13.5,
            "close": 13.699999809265137,
            "volume": 192000.0
        },
        "IVV": {
            "open": 751.1599731445312,
            "high": 753.6599731445312,
            "low": 746.5800170898438,
            "close": 747.780029296875,
            "volume": 16413900.0
        },
        "Google": {
            "open": 357.95001220703125,
            "high": 358.9200134277344,
            "low": 341.7200012207031,
            "close": 349.67999267578125,
            "volume": 52644300.0
        },
        "NVDA": {
            "open": 211.44000244140625,
            "high": 213.99000549316406,
            "low": 207.72000122070312,
            "close": 208.64999389648438,
            "volume": 121678700.0
        },
        "AMD": {
            "open": 545.5,
            "high": 562.989990234375,
            "low": 535.7100219726562,
            "close": 551.6300048828125,
            "volume": 25924000.0
        },
        "TSM": {
            "open": 476.0899963378906,
            "high": 476.7900085449219,
            "low": 465.1700134277344,
            "close": 467.6700134277344,
            "volume": 13660700.0
        },
        "SMH": {
            "open": 670.3499755859375,
            "high": 671.8300170898438,
            "low": 660.02001953125,
            "close": 668.9099731445312,
            "volume": 8028100.0
        },
        "MU": {
            "open": 1196.219970703125,
            "high": 1213.56005859375,
            "low": 1168.5699462890625,
            "close": 1211.3800048828125,
            "volume": 52572500.0
        },
        "WDC": {
            "open": 772.75,
            "high": 779.7999877929688,
            "low": 726.5999755859375,
            "close": 732.6199951171875,
            "volume": 13126900.0
        },
        "TSLA": {
            "open": 394.8500061035156,
            "high": 414.75,
            "low": 394.3999938964844,
            "close": 405.04998779296875,
            "volume": 47717300.0
        },
        "RKLB": {
            "open": 106.98999786376953,
            "high": 107.4000015258789,
            "low": 96.5,
            "close": 100.29000091552734,
            "volume": 27658400.0
        }
    }
}